[{"@type":"mappingTemplate","id":"@1","name":"m_SecurityMortgages","description":"Migration of data from AccountDetails and BorrowerAccount for Loan Accounts\n\nHistory\n----------\n2022-03-10 - MF - Added mappings   fx_MemorandumNumber to Deed_Comment   and   fx_MortgageDate  to Deed_Signed_dt\n2020-09-10 - JM - Updated OnlineAccountDetails to use ST_OnlineAccountDetails","bundleVersion":"0","templateId":"@3","deployTime":1657017601000,"hasParameters":false,"valid":true,"fixedConnection":true,"hasParametersDeployed":false,"fixedConnectionDeployed":true,"tasks":0,"mappingPreviewFileRecordId":"@2","documentType":"","references":[{"@type":"reference","refObjectId":"@19U6nGDZDKlcH2t9LmN604","refType":"connection"},{"@type":"reference","refObjectId":"@7wwQZmY0B9UeOOjzEllnGd","refType":"connection"},{"@type":"reference","refObjectId":"@hnkdEwHdmYugqBjLmdllQu","refType":"connection"}]}]